ID_PERSONA,ENT,SEXO,EDAD,NIVACAD,ALFABET,INGTRMEN,HORTRA,CONACT,SITTRA,ENT_PAIS_TRAB,AGUINALDO,VACACIONES,SERVICIO_MEDICO,UTILIDADES,INCAP_SUELDO,SAR_AFORE,CREDITO_VIVIENDA
15053000209500003,15,1,45,3,1,8400,72,10,1,9,1,3,6,7,1,3,6
7026000067800001,7,1,45,3,1,2150,45,10,3,7,2,4,6,8,2,4,6
21215000010200001,21,3,43,3,1,2150,45,10,2,21,2,4,6,8,2,4,6
19031000485200001,19,1,26,3,1,7676,48,10,1,19,1,3,6,8,2,4,6
20028000000500001,20,3,52,11,1,1000,24,10,1,20,2,4,6,8,2,4,6
32033000054600001,32,3,35,3,1,645,24,10,1,32,2,4,6,8,2,4,6
26022000029900001,26,1,50,3,1,2150,25,10,2,26,2,4,6,8,2,4,6
19047000004800002,19,1,49,2,1,5160,48,10,1,19,2,4,6,8,2,4,6
8010000118600004,8,1,32,2,1,5160,48,10,2,8,2,4,6,8,2,4,6
8001000057500004,8,3,35,4,1,8600,48,10,1,8,1,3,5,7,1,3,5
22017000146400003,22,1,25,11,1,0,10,10,1,22,2,4,6,8,2,4,6
19048000090100002,19,3,23,11,1,5000,25,10,1,19,2,4,6,8,2,4,6
16074000023400001,16,1,35,2,1,6450,48,10,2,16,2,4,6,8,2,4,6
21140000290900001,21,1,22,3,1,8000,53,10,3,21,2,4,6,8,2,4,6
15097000148600005,15,3,23,10,1,3000,30,10,1,15,2,4,6,8,2,4,6
12002000035300002,12,1,33,2,1,5160,0,20,1,12,2,4,6,8,2,4,6
20023000002700002,20,1,42,3,1,5160,40,10,1,20,2,4,6,8,2,4,6
8039000076000001,8,1,37,3,1,5160,48,10,1,8,2,4,6,8,2,4,6
15044000067300001,15,3,45,11,1,10000,60,10,1,9,1,3,5,7,1,3,5
7045000042400001,7,1,48,2,1,5000,36,10,3,7,2,4,6,8,2,4,6
14027000018500001,14,1,28,3,1,8600,45,10,1,14,2,4,6,8,2,4,6
21189000000600002,21,1,28,3,1,7310,54,10,3,21,2,4,6,8,2,4,6
19025000240100004,19,3,26,11,1,6450,48,10,1,19,2,4,6,8,2,4,6
2004000143000001,2,1,43,3,1,12900,70,10,1,2,1,3,5,7,1,3,5
20326000041600005,20,3,20,4,1,3600,35,10,1,20,2,4,6,8,2,4,6
11011000080700002,11,3,27,11,1,6880,48,10,1,11,1,3,5,7,1,3,5
14013000077900002,14,3,43,2,1,6450,40,10,1,14,2,4,6,8,2,4,6
13013000081900001,13,3,36,4,1,5590,48,10,1,13,2,4,6,8,2,4,6
16039000100400003,16,1,14,3,1,3870,45,10,1,16,2,4,6,8,2,4,6
31011000167800003,31,1,20,3,1,0,24,10,3,31,2,4,6,8,2,4,6
30147000029600004,30,1,35,3,1,2795,7,10,3,30,2,4,6,8,2,4,6
19046000423700001,19,1,48,11,1,10000,48,10,1,19,1,3,5,8,1,3,5
18012000091100001,18,1,67,2,1,6450,48,10,2,18,2,4,6,8,2,4,6
31042000064600002,31,3,42,3,1,1200,15,10,1,31,1,3,6,8,2,4,6
21120000046100003,21,1,49,3,1,3870,42,10,1,21,2,4,6,8,2,4,6
10004000008000001,10,1,45,2,1,5160,84,10,1,10,2,4,6,8,2,4,6
16034000180300006,16,1,48,2,1,6450,40,10,1,16,2,4,6,8,2,4,6
31043000000600001,31,1,19,4,1,645,24,10,1,31,2,4,6,8,2,4,6
16050000201200002,16,1,20,2,1,2400,48,10,2,16,2,4,6,8,2,4,6
20565000177100001,20,3,23,4,1,3440,48,10,1,20,1,3,6,8,2,4,6
15109000393000003,15,3,45,4,1,16340,30,10,1,15,1,3,5,8,1,3,5
9015000165800001,9,3,30,4,1,2150,48,10,1,9,2,4,6,8,2,4,6
32028000022900002,32,1,21,4,1,7740,48,10,3,32,2,4,6,8,2,4,6
11015000336500004,11,1,43,2,1,8600,77,10,2,11,2,4,6,8,2,4,6
15122000363300004,15,1,44,4,1,5000,40,10,1,9,1,3,5,7,1,3,5
16087000018000002,16,1,27,5,1,10750,56,10,1,16,1,3,5,8,1,3,5
29001000057700001,29,1,23,11,1,8000,40,10,1,29,1,3,5,7,1,3,5
10007000124000003,10,1,53,2,1,6880,48,10,1,10,1,3,6,8,2,4,6
11001000229800003,11,1,25,3,1,2150,70,10,3,11,2,4,6,8,2,4,6
12080000097600012,12,3,22,2,1,2580,60,10,3,12,2,4,6,8,2,4,6
26064000006700001,26,3,49,3,1,6450,56,10,1,26,1,4,6,8,2,4,6
8024000108400001,8,3,27,3,1,5590,44,10,1,8,1,3,5,7,1,3,5
32019000154000001,32,3,53,3,1,3440,30,10,1,32,1,4,6,8,2,4,6
24032000017800002,24,1,20,3,1,5160,20,10,1,24,2,4,6,8,2,4,6
21158000029200002,21,3,21,4,1,4300,72,10,2,21,2,4,6,8,2,4,6
22002000136900006,22,1,22,3,1,4300,45,10,2,22,2,4,6,8,2,4,6
21179000084900001,21,1,25,2,1,6450,60,10,2,21,2,4,6,8,2,4,6
25005000016600007,25,1,59,0,3,5160,48,10,1,25,1,3,5,8,1,3,5
16022000176900002,16,1,15,3,1,0,12,10,3,16,2,4,6,8,2,4,6
22015000044800002,22,1,41,2,3,4300,77,10,3,22,2,4,6,8,2,4,6
7013000153400002,7,1,23,11,1,1032,12,15,3,7,2,4,6,8,2,4,6
13071000001900003,13,1,56,2,1,1720,16,10,3,13,2,4,6,8,2,4,6
20171000465700005,20,1,50,2,1,2064,48,10,2,20,2,4,6,8,2,4,6
12033000067100003,12,1,62,0,3,1548,32,10,2,12,2,4,6,8,2,4,6
7101000043500005,7,1,34,11,1,14000,70,10,1,7,1,4,6,8,2,3,5
15062000072500001,15,1,29,11,1,3870,40,10,1,15,1,3,5,7,1,3,5
30026000052100001,30,1,56,11,1,7000,55,10,1,30,1,3,6,8,1,4,6
25017000137600003,25,1,20,4,1,5160,48,10,2,25,2,4,6,8,2,4,6
21155000056100004,21,1,20,4,1,2580,60,10,1,21,1,4,6,8,2,4,6
29025000056600001,29,3,40,2,1,5160,45,10,1,29,1,4,5,8,2,4,6
25011000409900003,25,1,32,4,1,7200,18,10,1,25,1,3,5,8,2,3,5
32016000132700004,32,3,28,3,1,4730,40,10,1,32,1,4,5,7,2,3,6
20334001393300002,20,1,56,2,1,4300,35,10,2,20,2,4,6,8,2,4,6
20269000026300001,20,3,18,5,1,3010,35,10,1,20,2,4,6,8,2,4,6
29028000022400002,29,3,45,3,1,5160,48,10,1,9,2,4,6,8,2,4,6
19006000108100001,19,1,39,13,1,40000,48,10,1,19,1,3,5,7,1,3,5
30030000126400001,30,1,33,2,1,6450,48,10,1,30,2,4,6,8,2,4,6
28027000403600002,28,3,49,2,1,4300,36,10,1,28,2,4,6,8,2,4,6
15044000009600002,15,3,53,11,1,14000,40,10,1,15,1,3,5,8,1,4,6
12028000037500005,12,1,34,3,1,8600,72,10,1,12,1,3,5,8,1,4,6
20269000041300001,20,1,39,11,1,9600,30,10,1,20,1,3,5,7,1,3,6
21115000098400001,21,1,20,4,1,1935,24,10,2,21,2,4,6,8,2,4,6
30091000049900001,30,1,16,3,1,1290,24,15,2,30,2,4,6,8,2,4,6
13007000025300001,13,1,30,2,1,4300,48,10,1,13,1,4,5,8,2,4,6
15104000139100002,15,3,48,3,1,4300,50,10,1,15,2,4,6,8,2,4,6
26070000011300004,26,3,51,13,1,24000,40,10,1,26,1,3,5,7,1,3,5
26018000648700002,26,3,25,4,1,4300,40,10,1,26,1,3,5,7,1,3,5
21018000099600003,21,1,23,3,1,2580,40,10,3,21,2,4,6,8,2,4,6
15095000135300001,15,1,51,3,1,1600,68,10,1,15,2,4,6,8,2,4,6
8062000071500002,8,3,24,11,1,3900,40,10,1,8,2,4,6,8,2,4,6
15010000048300002,15,3,38,3,1,4300,48,10,1,15,2,4,6,8,2,4,6
11009000076100004,11,1,31,3,1,5160,10,10,1,11,2,4,6,8,2,4,6
16110000053200001,16,1,19,2,1,5160,35,10,1,16,2,4,6,8,2,4,6
20292000005700006,20,1,19,4,1,4300,54,10,3,14,2,4,6,8,2,4,6
12009000014500001,12,1,17,5,1,860,10,15,3,12,2,4,6,8,2,4,6
31102000018000007,31,3,28,11,1,10000,30,10,1,31,1,3,6,7,1,3,5
18018000201700005,18,3,21,11,1,2150,30,10,1,18,1,4,6,8,2,4,6
30031000071800002,30,1,38,0,3,2580,20,10,2,30,2,4,6,8,2,4,6
29058000039200001,29,1,25,11,1,17200,48,10,1,29,2,4,6,8,2,4,6
5033000227100002,5,3,19,4,1,4085,40,10,1,5,1,3,5,7,1,3,5
11023000229100001,11,1,19,4,1,5160,66,10,1,11,2,4,6,8,2,4,6
14114000088000004,14,3,25,2,1,6450,40,10,2,14,2,4,6,8,2,4,6
16102000275600004,16,1,28,3,1,5160,48,10,2,16,2,4,6,8,2,4,6
21012000010000002,21,1,63,2,1,1935,30,10,3,21,2,4,6,8,2,4,6
27013000142900008,27,1,45,4,1,5160,72,10,1,27,2,4,6,8,2,4,6
11030000196800002,11,1,34,3,1,5590,48,10,1,24,1,3,5,7,1,3,5
14093000166100002,14,3,19,3,1,3010,42,10,1,14,2,4,6,8,2,4,6
7043000113300004,7,1,21,3,1,2580,40,10,1,7,1,4,6,8,2,4,6
13062000144800001,13,1,15,3,1,430,8,15,2,13,2,4,6,8,2,4,6
18009000725600004,18,1,30,3,1,3010,42,10,3,18,2,4,6,8,2,4,6
17007000156900002,17,3,24,4,1,6300,48,10,1,17,1,3,5,7,1,3,5
15037000197800003,15,1,38,4,1,6450,48,10,1,15,1,3,5,8,2,4,6
29002000032400005,29,1,31,3,1,4300,40,10,1,21,2,4,6,8,2,4,6
14034000045300003,14,3,37,2,1,4300,50,10,1,14,1,3,5,7,1,3,5
5023000062800001,5,1,64,2,1,8000,40,10,1,5,2,4,6,8,2,4,6
29019000097700002,29,1,24,3,1,5590,48,10,3,21,2,4,6,8,2,4,6
15122000225500005,15,1,29,3,1,4300,0,20,1,9,2,4,5,8,2,4,6
31040000059400001,31,1,61,2,1,860,28,10,1,31,2,4,6,8,2,4,6
14067000271100003,14,3,45,11,1,8000,48,10,1,14,1,3,5,8,1,3,5
30127000255700003,30,1,37,2,1,2150,48,10,3,30,2,4,6,8,2,4,6
15102000014400003,15,1,40,3,1,4300,72,10,1,15,2,4,6,8,2,4,6
5002000155000004,5,1,17,3,1,5590,48,10,1,5,2,4,6,8,2,4,6
1003000103000004,1,1,22,3,1,5160,60,10,1,1,2,4,6,8,2,4,6
14092000107500002,14,1,34,3,1,5160,45,10,2,14,2,4,6,8,2,4,6
14023000184300001,14,3,33,11,1,16000,40,10,1,14,1,3,5,7,1,3,5
19013000065800003,19,1,46,2,1,7740,72,10,2,19,2,4,6,8,2,4,6
13020000030400002,13,3,45,2,1,11682,5,10,1,13,2,4,6,8,2,4,6
20432000006100002,20,1,20,4,1,3225,40,10,3,20,2,4,6,8,2,4,6
2001000377900001,2,3,22,11,1,10000,48,10,1,2,1,3,5,7,1,3,5
21143000086300005,21,1,24,2,1,3870,42,10,1,21,2,4,6,8,2,4,6
21208000072200001,21,1,31,4,1,10000,140,10,1,20,1,3,5,7,1,3,5
15057000263900003,15,3,53,3,1,6450,9,10,1,15,1,3,5,7,1,3,5
12035000097500004,12,3,55,2,1,3225,25,10,1,12,2,4,6,8,2,4,6
32008000043000006,32,1,38,3,1,5160,48,10,2,1,1,4,5,8,2,3,5
15058000407500001,15,1,32,4,1,6450,55,10,1,9,2,4,6,8,2,4,6
21217000054300001,21,3,68,2,1,344,12,10,3,21,2,4,6,8,2,4,6
11005000368600006,11,1,47,2,1,4000,48,10,1,22,1,3,5,7,1,3,5
29010000236500001,29,1,35,11,1,9000,40,10,1,29,1,3,5,7,1,3,5
7012000109600004,7,1,37,2,1,3440,60,10,1,7,1,3,6,8,2,3,6
9012000554900001,9,1,40,4,1,8000,70,10,1,9,1,4,6,8,1,4,6
12046000016800001,12,1,35,4,1,6000,45,10,1,12,1,3,5,8,1,3,6
27008000207600003,27,3,40,2,3,3225,50,10,3,27,2,4,6,8,2,4,6
30121000117600002,30,1,36,2,1,4300,12,10,2,30,2,4,6,8,2,4,6
29031000016600004,29,3,19,4,1,3870,50,10,1,29,1,3,5,7,1,3,5
21076000101700004,21,1,40,0,3,4644,48,10,2,21,2,4,6,8,2,4,6
25018000116400001,25,1,51,11,1,11400,48,10,1,25,1,3,5,7,1,3,5
7087000184200002,7,1,40,2,3,3000,56,10,2,7,1,4,6,8,2,4,6
30195000060500002,30,1,27,3,1,3870,40,10,3,30,2,4,6,8,2,4,6
11033000151500002,11,3,22,11,1,4300,54,10,1,11,2,4,6,8,2,4,6
8048000142600001,8,1,61,2,1,5160,45,10,2,8,2,4,6,8,2,4,6
26055000048900008,26,1,39,3,1,6450,48,10,1,26,1,3,5,7,1,3,5
31079000119500002,31,1,29,2,1,10320,45,10,2,31,1,4,6,8,2,4,6
8003000071300004,8,3,42,11,1,8000,19,10,1,8,1,3,5,7,1,3,5
24048000112100003,24,3,31,3,1,2500,2,10,1,24,2,3,6,8,2,4,6
9012000051500003,9,1,36,11,1,18000,54,10,1,9,1,3,6,8,1,4,6
21179000025700003,21,1,19,4,1,4300,60,10,1,21,1,4,6,8,2,4,6
31102000009800001,31,3,59,9,1,3870,45,14,1,31,2,4,6,8,2,4,6
7014000105500002,7,1,13,2,1,0,46,10,1,7,2,4,6,8,2,4,6
16040000132500004,16,1,19,2,1,5590,60,10,3,16,2,4,6,8,2,4,6
31079000137300001,31,3,30,12,1,30000,40,10,1,31,2,4,6,8,2,4,6
16052000240900001,16,1,35,11,1,14000,40,10,1,16,1,3,5,7,1,3,5
27015000153400001,27,3,23,11,1,4300,72,10,1,27,2,4,6,8,2,4,6
8003000057100002,8,1,55,2,1,3870,60,10,2,8,1,3,5,8,2,4,6
26003000064200002,26,1,28,3,1,3870,48,10,1,26,1,3,5,7,1,3,5
15064000050100007,15,1,17,3,1,7740,40,10,1,9,2,4,6,8,2,4,6
30109000083100003,30,3,35,3,1,1720,12,10,1,30,2,4,6,8,2,4,6
6003000147000001,6,1,32,2,3,6450,48,10,2,6,2,4,6,8,2,4,6
28037000141200002,28,1,28,3,1,5600,48,10,1,28,1,4,6,8,2,4,6
20517000043800002,20,1,32,3,1,5160,36,10,3,26,2,4,6,8,2,4,6
24044000080500001,24,1,19,4,1,4472,40,10,2,24,2,4,5,8,2,3,5
12076000672600001,12,1,32,2,1,4300,40,10,3,12,2,3,6,8,2,4,6
26030000096400002,26,3,27,11,1,16000,56,10,1,26,1,4,5,8,1,3,5
21197000217200008,21,1,18,3,1,6450,48,10,2,25,1,4,6,8,2,4,6
12051000016300002,12,3,18,4,1,1935,18,10,3,12,2,4,6,8,2,4,6
14008000177600001,14,1,17,3,1,2580,24,10,1,14,2,4,6,8,2,4,6
15091000035600001,15,1,35,11,1,9000,46,10,1,15,1,3,5,7,1,3,5
30034000126900001,30,3,58,2,1,430,56,10,1,30,2,4,6,8,2,4,6
15007000049000001,15,3,30,2,1,8600,112,10,1,15,2,4,6,8,2,4,6
21108000045800002,21,1,37,3,1,7000,40,10,1,21,1,3,5,7,2,3,6
15055000254500007,15,1,17,4,1,2150,20,10,1,15,2,4,6,8,2,4,6
21078000104900004,21,1,25,4,1,2150,40,10,1,21,2,4,6,8,2,4,6
30033000167200003,30,1,46,0,3,3440,48,10,2,30,2,4,6,8,2,4,6
21017000157300003,21,1,27,3,1,5160,66,10,1,21,2,4,6,8,2,4,6
20064000063800001,20,1,32,3,1,1290,24,10,2,20,2,4,6,8,2,4,6
19009000153800003,19,1,24,3,1,5375,48,10,1,19,2,4,6,8,2,4,6
14024000156600003,14,3,18,3,1,1505,40,10,3,14,2,4,6,8,2,4,6
24011000035700001,24,3,30,11,1,10000,48,10,1,24,1,3,5,8,1,4,5
27010000040900001,27,1,20,11,1,2150,17,10,1,27,2,4,6,8,2,4,6
1010000101800006,1,1,16,3,1,7310,65,10,3,1,2,4,6,8,2,4,6
11020000116700009,11,1,21,4,1,3440,48,15,1,11,2,4,6,8,2,4,6
13054000249800002,13,1,39,3,1,5160,60,10,2,13,2,4,6,8,2,4,6
20044000158300001,20,1,31,4,1,5000,70,10,1,20,1,3,5,7,1,3,5
29041000026800001,29,3,30,4,1,2400,40,10,1,29,1,4,5,7,1,3,5
15065000093700002,15,3,28,2,1,4300,40,10,1,15,2,4,6,8,2,4,6
15020000416600003,15,1,52,3,1,4300,42,10,1,9,1,4,6,8,2,4,6
11020000162100003,11,1,12,3,1,1290,12,15,3,11,2,4,6,8,2,4,6
7102000008700001,7,3,74,0,3,1075,40,10,1,7,2,4,6,8,2,4,6
32035000064300001,32,1,45,3,1,6450,48,10,1,32,2,4,6,8,2,4,6
24007000016600003,24,1,23,4,1,7310,60,10,1,24,1,3,5,7,1,3,5
27008000251600001,27,1,59,2,1,860,2,10,2,27,2,4,6,8,2,4,6
5018000203400003,5,1,53,4,1,6880,48,10,1,5,2,4,6,8,2,4,6
8035000073300003,8,1,28,3,1,7740,48,10,1,8,1,3,6,7,2,4,6
28011000071300001,28,3,55,3,1,2150,25,10,3,28,2,4,6,8,2,4,6
28003000401600003,28,1,31,3,1,4200,40,10,1,28,1,3,6,7,1,3,5
20184000154100001,20,1,37,3,1,7740,60,10,1,20,2,4,6,8,2,4,6
15107000000400003,15,3,65,3,1,1720,10,10,1,15,2,4,6,8,2,4,6
14079000034200002,14,1,61,0,3,6450,48,10,2,14,1,3,5,7,1,3,5
30059000086600002,30,1,39,4,1,5160,35,10,1,30,2,4,6,8,2,4,6
29052000096600006,29,1,40,0,1,6450,48,10,1,29,2,4,6,8,2,4,6
31094000037600002,31,3,34,3,1,1800,6,10,1,31,1,4,6,8,2,4,6
11039000059400005,11,1,47,0,3,3870,48,10,2,11,2,4,6,8,2,4,6
20012000173600003,20,1,24,3,1,1600,40,10,2,20,2,4,6,8,2,4,6
28032000366000003,28,1,27,4,1,0,48,10,1,28,1,3,5,7,1,3,5
30183000089300002,30,1,26,2,1,6450,54,10,1,30,2,4,6,8,2,4,6
30045000198600002,30,1,53,2,1,3870,30,10,1,30,2,4,6,8,2,4,6
27016000209800003,27,1,54,2,1,3870,48,10,2,27,1,4,6,8,2,4,6
30079000106600003,30,1,38,2,1,2580,48,10,1,30,2,4,6,8,2,4,6
15110000204100004,15,1,38,3,1,6880,55,10,1,15,1,4,6,8,2,4,6
7044000017600002,7,1,40,11,1,7200,100,10,1,7,2,4,6,8,2,4,6
22013000092300004,22,1,23,3,1,4300,60,10,1,22,2,4,6,8,2,4,6
19007000122100003,19,1,21,3,1,8170,60,10,1,17,1,4,6,8,2,4,6
13082000113000001,13,3,55,2,1,3440,72,10,1,13,2,4,6,8,2,4,6
24020000007600005,24,1,29,3,1,5160,78,10,1,24,1,3,5,7,1,3,5
13059000000800003,13,1,39,2,1,5160,70,10,1,13,2,4,6,8,2,4,6
13063000100100002,13,1,35,2,1,8170,84,10,1,13,2,4,6,8,2,4,6
14015000200300002,14,3,46,3,1,5160,40,10,1,14,2,4,6,8,2,4,6
16101000083900002,16,1,38,2,1,2150,0,20,3,16,2,4,6,8,2,4,6
10016000150900005,10,1,31,3,1,4300,40,10,2,10,2,4,6,8,2,4,6
7031000141600001,7,3,43,2,1,1200,48,10,1,7,2,4,6,8,2,4,6
15021000034000004,15,3,32,10,1,10000,25,10,1,15,1,3,5,7,1,3,5
15046000099900002,15,3,50,13,1,14000,40,10,1,15,1,3,5,8,1,3,5
18007000082200002,18,1,59,3,1,2150,16,10,2,18,2,4,6,8,2,4,6
19026000171500001,19,1,43,3,1,5160,48,10,1,19,1,3,5,7,1,3,5
8004000005000003,8,1,50,12,1,25000,80,10,1,8,1,3,6,8,2,4,6
13066000055200002,13,1,27,2,1,6020,84,10,1,13,2,4,6,8,2,4,6
7123000098800002,7,3,25,4,1,6450,48,10,1,7,1,3,5,7,1,3,5
16009000038900001,16,1,54,2,1,6880,36,10,2,16,2,4,6,8,2,4,6
20045000082700004,20,1,27,11,1,3600,48,10,1,20,1,4,6,8,2,4,6
11005000180800004,11,1,25,11,1,10750,44,10,1,11,1,3,5,7,1,3,5
2004000004700005,2,3,45,3,1,6450,48,10,1,2,1,3,6,8,2,4,6
30091000078900002,30,1,22,4,1,6450,60,10,1,30,1,4,6,8,2,4,6
15106000536600002,15,3,52,3,1,4000,52,10,1,15,1,3,5,8,2,4,6
7059000107800005,7,1,22,2,1,3870,60,10,2,7,2,4,6,8,2,4,6
30193000162400003,30,3,24,11,1,8600,40,10,1,30,1,3,5,7,1,3,5
14002000044000003,14,1,22,8,1,6000,45,10,1,14,1,3,5,7,1,3,5
20379000055300002,20,1,52,2,1,7310,48,10,1,20,2,4,6,8,2,4,6
15023000211600001,15,1,33,2,1,4300,40,10,1,15,2,4,6,8,2,4,6
20057000190600001,20,1,17,4,1,1290,36,15,1,20,2,4,6,8,2,4,6
30207000093300002,30,1,19,4,1,3440,56,10,1,30,2,4,6,8,2,4,6
4005000011200002,4,3,25,3,1,3700,42,10,1,4,2,4,6,8,2,4,6
24047000041700002,24,1,43,2,1,2580,60,10,2,24,2,4,6,8,2,4,6
26026000028300003,26,1,20,4,1,2580,48,10,2,26,2,4,5,8,2,3,6
31083000023400003,31,1,39,2,1,2400,38,10,2,31,2,4,6,8,2,4,6
11007000074400002,11,1,26,4,1,6450,50,10,1,11,1,3,5,7,1,3,5
30044000063800002,30,3,55,2,1,7740,68,10,1,30,1,3,5,7,2,3,6
30051000065100005,30,3,42,4,1,10000,45,10,1,30,1,3,5,7,1,3,5
32055000003000002,32,3,41,11,1,9000,40,10,1,32,1,3,5,8,1,3,5
20023000176700001,20,3,33,2,1,6450,42,10,1,20,2,4,6,8,2,4,6
31032000031200003,31,3,23,4,1,2150,36,10,1,31,2,4,6,8,2,4,6
30016000098300001,30,3,37,3,1,4300,56,10,1,30,2,4,5,8,2,4,6
13056000159200001,13,3,18,4,1,2150,27,10,1,13,2,4,6,8,2,4,6
5025000103600001,5,1,50,5,1,9600,48,10,1,5,1,3,5,7,1,3,5
15004000119600005,15,3,30,11,1,14000,25,10,1,15,1,3,5,8,1,4,6
15062000016700005,15,1,51,4,1,6450,40,10,1,15,1,3,5,8,1,3,5
20334001341300003,20,1,30,3,1,9890,74,10,1,20,2,4,6,8,1,4,6
30144000164200002,30,1,20,4,1,5160,70,10,2,30,1,4,6,8,2,4,6
15013000306800006,15,1,33,3,1,6000,48,10,1,15,2,4,6,8,2,4,6
2004000238300004,2,1,33,10,1,10750,40,10,1,2,1,3,5,7,1,3,6
22001000145100002,22,1,24,2,1,4300,40,10,1,22,2,4,6,8,2,4,6
29027000003600005,29,1,38,3,1,3440,56,10,1,21,2,4,6,8,2,4,6
24035000018200002,24,3,41,8,1,6880,48,10,1,24,1,3,5,7,1,3,5
17006000365700002,17,1,30,3,1,7740,60,10,1,17,2,4,6,8,2,4,6
21140000331100002,21,1,54,2,1,3440,48,10,1,21,2,4,6,8,2,4,6
20375000131400004,20,3,20,3,1,2150,50,10,3,20,2,4,6,8,2,4,6
21090000081900001,21,3,44,11,1,0,35,10,1,21,1,3,5,7,1,3,5
25014000076000003,25,3,63,3,1,1290,33,10,1,25,2,4,6,8,2,4,6
30170000223600002,30,1,26,2,1,500,12,10,3,30,2,4,6,8,2,4,6
20533000062600002,20,1,25,3,1,6500,48,10,1,20,2,4,6,8,2,4,6
19031000590200001,19,1,38,3,1,7740,48,10,1,19,1,3,5,7,1,3,5
26004000087700002,26,3,31,3,1,5590,8,10,1,26,1,4,5,8,2,4,6
14030000099800002,14,3,32,3,1,6400,70,10,1,14,1,3,5,7,1,3,5
31050000294100001,31,3,33,5,1,4300,40,10,1,31,2,4,6,8,2,4,6
20176000008000001,20,1,65,2,1,4000,48,10,1,20,2,4,5,8,2,4,6
15036000004000005,15,1,26,11,1,20000,48,10,1,9,1,3,5,7,1,3,5
17028000042100001,17,3,37,3,1,6450,40,10,1,17,1,3,5,7,1,3,5
24026000103700004,24,1,38,5,1,3225,30,10,1,24,2,4,6,8,2,4,6
14087000123300002,14,1,60,2,1,12040,40,10,3,14,2,4,6,8,2,4,6
30179000081400005,30,1,45,2,1,3440,72,10,2,30,2,4,6,8,2,4,6
3003000339900002,3,1,23,3,1,6450,48,10,1,3,1,3,5,8,1,3,5
24035000063500004,24,1,22,11,1,1505,5,10,1,24,2,4,6,8,2,4,6
18016000011300003,18,3,44,3,1,2580,42,10,3,18,2,4,6,8,2,4,6
4003000092100001,4,3,51,2,1,4300,48,10,1,4,1,4,6,8,2,4,6
30182000117900002,30,1,40,3,1,7740,48,10,1,30,1,3,5,7,1,3,5
1002000122400001,1,1,18,4,1,6450,36,10,3,1,2,4,6,8,2,4,6
13059000132600003,13,1,28,3,1,2580,48,10,2,13,2,4,6,8,2,4,6
24053000034200001,24,3,55,3,1,1613,21,10,1,24,2,4,6,8,2,4,6
21143000268700005,21,3,34,2,1,6450,40,10,1,21,1,4,6,8,2,4,6
30051000066400001,30,1,37,3,1,7740,90,10,1,30,2,4,6,8,2,4,6
20045000097800002,20,1,31,3,1,6450,48,10,1,20,2,4,6,8,2,4,6
2004000527700002,2,1,28,3,1,5590,48,10,1,2,1,3,5,7,1,3,5
20107000011900004,20,1,54,3,1,6450,48,10,1,20,2,4,6,8,2,4,6
15076000032000003,15,3,30,3,1,3010,20,10,1,15,2,4,6,8,2,4,6
7059000118600001,7,3,35,2,1,2580,25,10,1,7,1,4,6,8,2,4,6
32056000053700001,32,1,55,11,1,10000,40,10,1,32,1,3,5,8,1,3,5
15021000124000006,15,1,19,2,1,3870,48,10,2,15,2,4,6,8,2,4,6
13050000131400001,13,3,55,10,1,6450,40,10,1,13,1,3,5,7,1,3,5
1005000149000001,1,1,43,11,1,16000,40,10,1,1,1,3,5,8,1,3,5
25006000627200003,25,3,46,2,1,6450,48,10,1,25,1,3,6,7,2,4,6
30039000149000002,30,1,32,11,1,3440,20,10,1,30,2,4,6,8,2,4,6
7101000072100008,7,3,38,4,1,5000,40,10,1,7,1,3,5,8,1,4,6
17016000064800002,17,3,17,5,1,1290,10,10,1,17,2,4,6,8,2,4,6
11023000158400002,11,3,22,4,1,3655,43,10,1,11,2,4,6,8,2,4,6
30128000050700005,30,1,38,3,1,5000,56,10,1,30,2,4,6,8,2,4,6
30120000018800002,30,3,31,11,1,11000,48,10,1,30,1,3,5,7,1,3,5
7059000042900005,7,1,30,2,1,2580,50,10,1,7,2,4,6,8,2,4,6
20425000034500001,20,3,42,3,1,50,14,16,1,20,2,4,6,8,2,4,6
8032000126900001,8,1,23,11,1,1720,14,15,1,8,2,4,6,8,2,4,6
8004000114300001,8,3,35,4,1,12040,48,10,1,8,1,3,5,7,1,3,5
24016000025700002,24,1,55,0,3,5160,8,10,2,24,2,4,6,8,2,4,6
24035000445600001,24,1,35,4,1,7310,48,10,1,24,1,3,5,7,1,3,5
12008000118900004,12,1,20,4,1,3600,40,10,1,12,1,3,5,7,1,3,5
13030000057900004,13,1,35,11,1,6000,90,10,1,13,1,3,5,7,2,4,6
15034000022700001,15,3,22,11,1,12000,60,10,1,15,1,3,5,8,1,4,6
20041000086600008,20,3,23,4,1,0,18,10,3,20,2,4,6,8,2,4,6
12071000635000004,12,3,42,2,3,1500,30,10,1,12,2,4,6,8,2,4,6
17021000048200003,17,3,42,11,1,14000,40,10,1,17,1,3,5,8,1,3,5
24043000048600001,24,3,26,11,1,6000,72,10,1,24,2,4,6,8,2,4,6
30159000395900008,30,1,24,3,1,7740,48,10,2,14,2,4,6,8,2,4,6
15045000158700002,15,1,25,11,1,4200,25,10,3,15,2,4,6,8,2,4,6
30136000073100002,30,1,50,2,1,3010,56,10,1,30,1,3,5,7,1,3,5
8046000073400001,8,1,76,2,1,4300,40,10,1,8,2,4,6,8,2,4,6
8045000107800001,8,1,34,11,1,8600,40,10,1,8,1,3,5,7,1,3,5
24011000171000005,24,1,26,4,1,4300,35,10,2,24,2,4,6,8,2,4,6
9007000267500003,9,1,29,3,1,10750,72,10,1,9,2,4,6,8,2,4,6
7101000317300002,7,3,20,11,1,4300,50,10,1,7,2,4,6,8,2,4,6
19048000515500003,19,1,42,4,1,12000,48,10,1,19,1,3,5,7,1,3,5
28016000063800004,28,1,49,3,1,4472,48,10,2,28,2,4,6,8,2,4,6
8037000395000003,8,1,51,3,1,6450,45,10,1,8,1,3,5,7,1,3,5
30122000070700003,30,3,34,11,1,6000,40,10,1,30,2,4,6,8,2,4,6
31104000097500004,31,3,36,3,1,5160,40,10,3,31,1,4,6,8,2,4,6
29054000052800007,29,3,30,11,1,7740,45,10,1,29,1,3,5,8,1,3,5
24041000091300001,24,1,52,3,1,3200,70,10,1,24,2,4,5,8,2,4,6
14076000046700003,14,1,23,2,1,6450,45,10,1,14,2,4,6,8,2,4,6
11003000163500001,11,1,33,2,1,6450,40,10,2,11,2,4,6,8,2,4,6
14018000096300003,14,3,49,5,1,10000,40,10,1,14,1,3,5,7,1,3,5
5006000071100003,5,1,55,3,1,15050,45,10,1,5,1,3,5,7,1,3,5
30189000198700002,30,1,65,2,1,2580,9,10,1,30,2,4,6,8,2,4,6
9016000183300002,9,1,32,13,1,25000,45,10,1,9,1,3,5,7,1,3,5
14107000085200003,14,1,46,2,1,4200,60,10,1,14,1,3,6,8,1,4,6
10018000010700004,10,1,19,3,1,6450,64,10,1,10,1,3,6,8,2,4,6
11006000081100003,11,1,48,3,1,9000,40,10,1,11,1,4,6,8,2,4,6
12026000101100006,12,1,54,2,1,860,8,10,2,12,2,4,6,8,2,4,6
7023001999600002,7,1,21,3,1,860,40,10,1,7,2,4,6,8,2,4,6
7097000222900002,7,1,44,4,1,3010,64,10,1,7,2,4,6,8,2,4,6
27005000069700003,27,1,19,11,1,4500,20,15,1,27,2,4,6,8,2,4,6
7008000124800002,7,1,24,4,1,1720,28,10,2,7,2,4,6,8,2,4,6
30102000288700002,30,1,47,4,1,4300,48,10,2,30,2,4,6,8,2,4,6
30048000092900001,30,1,40,4,1,8600,48,10,1,30,1,3,6,8,1,3,6
10007000401000004,10,1,21,4,1,6020,48,10,1,10,1,3,5,7,1,3,5
8017000220100002,8,3,51,2,1,6773,48,10,1,8,1,3,5,8,1,3,6
14061000285300001,14,1,36,4,1,3000,48,10,1,14,2,4,6,8,2,4,6
26033000208000002,26,1,57,2,1,4300,35,10,3,26,2,4,5,8,2,4,6
2003000003000002,2,1,44,2,1,6450,48,10,1,2,1,3,5,7,1,3,5
19017000145400002,19,1,25,3,1,4515,30,10,1,19,2,4,6,8,2,4,6
14101000643900002,14,1,27,3,1,4300,48,10,1,14,2,4,6,8,2,4,6
20166000047400002,20,1,34,11,1,6450,60,10,1,20,1,3,6,8,1,3,5
28013000081000006,28,3,25,11,1,4300,50,10,2,28,2,4,6,8,2,4,6
20509000007000001,20,1,25,2,1,7740,48,13,3,20,2,4,6,8,2,4,6
14039000496700001,14,1,27,4,1,16,40,10,1,14,1,3,5,7,1,3,5
29054000094800003,29,1,31,11,1,10000,40,10,1,29,1,3,5,7,1,3,5
30169000061300001,30,1,43,2,1,3870,40,10,2,30,2,4,6,8,2,4,6
7063000052700002,7,3,25,11,1,8000,30,10,1,7,1,4,5,8,2,3,6
19048000084900007,19,1,22,4,1,8000,50,10,1,19,1,3,5,7,1,3,5
8047000049700001,8,1,22,4,1,6450,30,10,1,8,2,4,6,8,2,4,6
29033000217500001,29,1,25,11,1,3000,8,10,1,29,2,3,5,8,1,3,6
20435000052800002,20,1,17,2,1,5590,40,10,3,26,2,4,6,8,2,4,6
32047000051700001,32,1,31,3,1,6450,48,10,2,32,2,4,6,8,2,4,6
21114000326600002,21,3,50,2,1,1720,12,10,3,21,2,4,6,8,2,4,6
11003000051200003,11,3,37,11,1,8800,48,10,1,11,1,3,5,7,1,3,5
15005000207900003,15,1,21,4,1,6000,48,10,1,15,1,3,5,7,1,3,5
7052000114700005,7,1,20,2,1,2150,48,10,2,7,2,4,6,8,2,4,6
11017000484000005,11,1,54,2,1,6450,21,10,3,11,2,4,6,8,2,4,6
31098000004100001,31,1,67,3,1,8600,60,10,1,31,2,4,6,8,2,4,6
21114000058600002,21,3,72,4,1,4300,30,10,1,21,2,4,6,8,2,4,6
20006000027900003,20,1,44,3,1,1290,60,10,3,20,2,4,6,8,2,4,6
14098000162500001,14,1,39,4,1,20000,25,10,1,14,1,3,5,7,1,3,5
16074000056100004,16,1,28,3,1,5160,36,10,1,16,2,4,6,8,2,4,6
24004000109400001,24,3,57,2,1,6020,48,10,1,24,2,4,6,8,2,4,6
15020000431200003,15,1,57,4,1,10000,60,10,1,15,1,3,5,7,1,3,5
31036000063000002,31,3,40,3,1,2580,16,10,1,31,1,4,6,8,2,4,6
16034000103000006,16,1,42,2,1,5160,45,10,1,16,1,4,6,8,2,4,6
29056000018700006,29,1,17,4,1,5160,56,10,3,29,2,4,6,8,2,4,6
8006000043900002,8,1,64,2,1,5160,48,10,1,8,2,4,6,8,2,4,6
14072000002100006,14,1,39,3,1,8600,54,10,1,11,2,4,6,8,2,4,6
31002000079600001,31,3,25,4,1,3870,44,10,1,31,1,3,5,7,1,3,5
19031000421800001,19,1,36,11,1,4000,40,10,1,19,1,3,5,7,1,3,5
8037000294300003,8,3,31,3,1,4300,48,10,1,8,1,3,5,7,1,3,5
8023000013400003,8,3,48,3,1,1900,12,16,3,8,2,4,6,8,2,4,6
30203000044200004,30,3,36,11,1,9000,30,10,1,30,1,3,5,8,1,3,6
9002000395900002,9,3,35,11,1,11000,0,20,1,9,1,3,5,7,1,3,5
9005000537700002,9,3,65,2,1,2580,16,10,1,9,2,4,6,8,2,4,6
21094000007200001,21,3,44,11,1,12000,50,10,1,21,1,3,5,7,2,4,6
28022000302300002,28,1,49,3,1,7740,48,10,1,28,2,4,6,8,2,4,6
15057000163300001,15,1,55,2,1,3440,48,10,1,15,1,3,5,7,1,3,5
9012000570800003,9,1,59,2,1,2580,48,10,1,9,2,4,6,8,2,4,6
31050000433600002,31,1,25,4,1,12900,56,10,1,31,1,3,5,8,1,4,5
15059000151500002,15,3,27,11,1,24000,40,10,1,9,1,3,5,7,1,3,5
29058000026400001,29,1,60,2,1,4300,48,10,1,29,2,4,5,8,2,4,6
15050000217400004,15,1,25,4,1,5160,125,10,1,15,2,4,6,8,2,4,6
26029000064900004,26,3,35,2,1,2580,48,10,1,26,2,4,6,8,2,4,6
7060000018100001,7,3,23,4,1,7400,40,15,1,7,1,4,5,8,2,4,6
21110000054500003,21,1,36,0,1,3440,48,10,2,21,2,4,6,8,2,4,6
15029000140200003,15,3,32,5,1,21500,48,10,1,15,1,3,5,7,1,3,5
7042000100300003,7,1,68,0,3,2580,40,10,1,7,2,4,6,8,2,4,6
11016000132000001,11,3,20,3,1,5160,40,10,1,11,1,3,5,8,2,4,6
11005000094900005,11,3,29,4,1,8600,40,10,1,11,1,3,5,7,1,3,6
21128000070600003,21,1,18,2,1,4945,48,10,2,29,2,4,6,8,2,4,6
12057000185600003,12,1,25,4,1,5160,40,10,2,12,2,4,6,8,2,4,6
12063000129800001,12,3,29,3,1,2150,10,10,3,12,2,4,6,8,2,4,6
29013000053900003,29,1,46,3,1,4300,70,10,2,29,2,4,6,8,2,4,6
14015000079800002,14,1,32,11,1,6000,26,10,1,14,1,3,5,7,1,3,5
24058000042100001,24,1,23,4,1,6880,48,10,1,24,1,3,5,7,1,3,5
13023000141500001,13,3,26,10,1,12000,35,10,1,13,1,3,5,7,1,3,5
12041000127300002,12,3,21,4,1,4300,66,10,1,12,2,4,6,8,2,4,6
15114000094800001,15,3,66,2,1,2150,48,10,1,15,1,3,6,8,2,4,6
21010000090700002,21,1,35,3,1,3440,56,10,1,21,2,4,6,8,2,4,6
31023000079300003,31,1,38,3,1,11180,72,10,1,31,1,3,5,8,1,3,5
28027000166800002,28,3,46,4,1,4000,30,10,1,28,1,3,5,8,1,3,5
22017000009200001,22,3,46,11,1,14000,36,10,1,22,1,3,5,7,1,3,5
31013000057600005,31,3,21,3,1,6450,50,10,1,31,2,3,5,7,1,3,6
13074000081700004,13,3,32,11,1,8600,48,10,1,13,1,3,5,7,1,3,5
15120000354100001,15,1,19,5,1,2150,60,10,3,15,2,4,6,8,2,4,6
30068000146000001,30,1,34,4,1,7740,67,10,1,30,1,4,6,8,2,4,6
30147000486500003,30,1,30,4,1,2150,8,10,3,30,2,4,6,8,2,4,6
16081000042500003,16,1,14,2,1,0,0,20,2,16,2,4,6,8,2,4,6
30123000239200001,30,1,50,2,1,5160,40,10,2,30,2,4,6,8,2,4,6
30112000107400004,30,3,19,10,1,30000,5,16,1,30,2,4,6,8,2,4,6
12035000163100003,12,3,54,2,1,3225,25,10,1,12,2,4,6,8,2,4,6
32001000037600001,32,1,50,2,1,5160,48,10,2,32,2,4,6,8,2,4,6
15052000071300003,15,1,50,3,1,6000,40,10,1,15,1,3,5,7,2,3,5
16082000238100001,16,1,38,2,1,4300,40,10,1,16,2,4,6,8,2,4,6
26048000095000001,26,3,45,2,1,6450,48,10,1,26,1,3,6,8,2,3,5
5018000304200004,5,1,20,11,1,6450,48,10,1,5,1,3,5,7,1,3,5
31070000042300002,31,1,51,3,1,5160,48,10,1,31,2,4,6,8,2,4,6
19006000097900007,19,3,32,11,1,8600,48,10,1,19,1,3,5,7,1,3,5
14016000008300004,14,1,38,2,1,7600,50,10,1,14,1,3,6,8,2,4,5
20350000045400002,20,3,67,11,1,5000,40,10,1,20,1,3,5,7,1,3,5
16046000030700003,16,1,19,2,1,4300,48,10,3,16,2,4,6,8,2,4,6
13052000174900002,13,3,27,11,1,4500,40,10,1,13,1,3,5,8,2,4,6
30010000103200002,30,3,24,11,1,4300,17,10,1,21,2,4,6,8,2,4,6
14050000183300003,14,1,41,3,1,5160,48,10,1,14,1,3,5,8,2,4,6
31040000182000004,31,3,48,2,1,1720,25,10,1,31,1,4,6,8,2,4,6
15035000048800003,15,1,46,3,1,8170,40,10,1,15,1,3,5,7,1,3,5
11010000063700008,11,3,32,11,1,6000,18,10,1,11,2,4,6,8,2,4,6
24035000285500003,24,3,55,4,1,3225,12,10,1,24,1,3,6,8,2,4,6
19020000049600002,19,1,26,3,1,16000,84,10,1,19,1,3,5,8,1,4,6
7045000092000003,7,1,23,3,1,3870,45,10,2,27,1,4,6,8,2,4,6
7023001060300004,7,1,30,2,1,6450,54,10,2,7,2,4,6,8,2,4,6
7056000015600003,7,1,18,3,1,3440,0,20,1,7,2,4,6,8,2,4,6
11044000001300004,11,3,24,5,1,3010,35,10,1,11,2,4,6,8,2,4,6
20397000167900002,20,3,35,11,1,10000,40,10,1,20,1,3,5,8,1,3,5
24036000136200001,24,1,35,2,1,6000,40,10,2,24,2,4,6,8,2,4,6
19025000091700005,19,1,39,3,1,21500,48,10,1,19,1,3,5,8,2,3,5
20545000083300003,20,1,20,11,1,4300,84,10,1,20,1,3,6,8,1,3,6
31096000108700001,31,1,45,3,1,3010,60,10,3,31,2,4,6,8,2,4,6
30023000189500002,30,3,42,2,1,2150,40,10,1,30,2,4,6,8,2,4,6
8003000037800002,8,3,27,11,1,10400,25,10,1,8,1,3,5,8,1,3,5
21136000086800003,21,1,41,2,1,7740,48,10,1,21,1,3,5,7,1,3,5
21040000010300001,21,1,44,3,1,3440,60,10,1,21,2,4,6,8,2,4,6
15005000098800001,15,1,30,8,1,7740,48,10,1,15,1,3,5,7,1,3,5
21143000062300001,21,1,47,2,1,8400,48,10,2,21,2,4,5,8,2,4,6
30043000040300002,30,1,20,3,1,3440,72,10,2,30,2,4,6,8,2,4,6
20091000050200001,20,1,28,11,1,11000,60,10,1,20,1,3,5,8,1,3,5
30189000129100001,30,3,42,2,1,4515,40,10,1,30,1,3,5,8,2,4,6
28008000049100003,28,1,52,2,1,4000,60,10,1,28,1,4,6,8,2,4,6
5010000001100004,5,1,26,11,1,8600,50,10,1,5,1,3,5,7,1,3,5
11005000489200004,11,3,24,11,1,6450,36,10,1,22,1,3,5,7,1,3,5
12015000028300003,12,1,30,8,1,6880,86,10,1,17,2,4,6,8,2,4,6
14101000138800005,14,3,22,3,1,3870,48,10,1,14,1,3,5,7,1,3,5
23005000375100003,23,1,20,0,1,12900,10,10,2,23,1,4,5,8,2,4,6
13023000072600009,13,1,45,3,1,6000,48,10,1,13,1,3,6,8,2,4,6
25001000249200002,25,1,29,11,1,3000,40,10,1,25,1,3,5,7,1,3,5
13054000257600001,13,3,57,2,1,1290,9,10,1,13,2,4,6,8,2,4,6
21074000077100002,21,3,32,5,1,4730,48,10,1,21,2,4,6,8,2,4,6
20486000038200001,20,1,67,2,1,800,1,10,2,20,2,4,6,8,2,4,6
28022000217700002,28,1,31,3,1,8600,48,10,1,28,1,3,5,7,1,3,5
8009000055200003,8,1,49,4,1,26000,0,20,1,8,1,3,5,8,1,3,6
15104000298600005,15,1,52,2,1,4300,50,10,1,15,1,3,5,7,1,3,5
21142000093700007,21,3,26,3,1,2580,40,10,1,21,2,4,6,8,2,4,6
7071000118300002,7,3,43,2,1,3440,60,10,1,7,2,4,6,8,2,4,6
30087000252800001,30,3,60,2,1,4600,50,10,1,30,1,4,5,8,2,3,6
17021000093500002,17,3,19,4,1,1900,4,10,1,17,2,4,6,8,2,4,6
32045000106100004,32,1,40,2,1,5160,48,10,3,32,2,4,6,8,2,4,6
14122000063100001,14,1,18,3,1,6450,40,10,2,14,2,4,6,8,2,4,6
2004000274900005,2,3,48,8,1,10750,48,10,1,2,1,3,5,7,1,3,5
31044000009700001,31,1,30,3,1,4730,50,10,1,31,1,3,5,7,1,3,5
17009000103500003,17,3,38,8,1,2150,10,10,1,17,2,4,6,8,2,4,6
16032000046300005,16,1,36,2,1,12900,48,10,2,16,2,4,6,8,2,4,6
8019000377900004,8,1,36,4,1,8000,48,10,1,8,1,3,5,7,1,3,5
21065000021400001,21,1,35,4,1,7740,48,10,1,21,1,3,5,7,1,3,5
